{
	chanceMultiplier: 0.46,
	structures: [
		{
			code: "civicruin",
			chance: 0.025,
			schematics: ["overground/civicruins/prtcv2", "overground/civicruins/prtcv3", "overground/civicruins/prtcv4", "overground/civicruins/prtcv5"],
			replacewithblocklayers: ["soil-low-normal", "soil-low-none"],
			offsetY: -1
		},
		{
			code: "civicruin-rare",
			chance: 0.007,
			schematics: ["overground/civicruins/prtcv1"],
			replacewithblocklayers: ["soil-low-normal", "soil-low-none"],
			offsetY: -1
		},
		
		{
			code: "spanruin",
			chance: 0.025,
			schematics: ["overground/spanruins/*"],
			replacewithblocklayers: ["soil-low-normal", "soil-low-none"],
			offsetY: -1
		},
		{
			code: "houseruin",
			chance: 0.015,
			schematics: ["overground/houseruins/*"],
			replacewithblocklayers: ["soil-low-normal", "soil-low-none"],
			offsetY: -1
		},
		{
			code: "religruin",
			chance: 0.0035,
			schematics: ["overground/religiosruins/*"],
			replacewithblocklayers: ["soil-low-normal", "soil-low-none"],
			offsetY: -1
		},
		{
			code: "agriruin",
			chance: 0.015,
			schematics: ["overground/agriruins/*"],
			replacewithblocklayers: ["soil-low-normal", "soil-low-none"],
			offsetY: -1
		},
		{
			code: "marruin",
			chance: 0.003,
			schematics: ["overground/marshalruins/*"],
			replacewithblocklayers: ["soil-low-normal", "soil-low-none"],
			offsetY: -1
		},
		{
			code: "ancruin",
			chance: 0.0015,
			schematics: ["overground/ancientruins/*"],
			replacewithblocklayers: ["soil-low-normal", "soil-low-none"],
			offsetY: -1
		},
		{
			code: "gates",
			name: "common",
			chance: 70,
			placement: "underground",
			schematics: ["translocator/*"],
		},
		{
			code: "olivine vugs",
			name: "common",
			chance: 100,
			schematics: ["vug/olivine/*"],
			placement: "underground",
			origin: "MiddleCenter",
			replaceWithRockType: {
				"ore-olivine-peridotite": "ore-olivine-{rock}"
			},
			insideBlockCodes: [ "ore-olivine-peridotite" ]
		},
		{
			code: "milky quartz vugs",
			name: "common",
			chance: 120,
			schematics: ["vug/milkyquartz/*"],
			placement: "underground",
			origin: "MiddleCenter",
			replaceWithRockType: {
				"ore-quartz-granite": "ore-quartz-{rock}"
			},
			insideBlockCodes: [ "ore-quartz-andesite", "ore-quartz-granite", "ore-quartz-basalt", "ore-quartz-peridotite", "ore-quartz-claystone", "ore-quartz-sandstone", "ore-quartz-shale", "ore-quartz-chalk", "ore-quartz-limestone", "ore-quartz-chert", "ore-quartz-conglomerate", "ore-quartz-phyllite", "ore-quartz-slate" ]
		},
		{
			code: "rose quartz vugs",
			name: "common",
			chance: 60,
			schematics: ["vug/rosequartz/*"],
			placement: "underground",
			origin: "MiddleCenter",
			replaceWithRockType: {
				"ore-quartz-granite": "ore-quartz-{rock}"
			},
			insideBlockCodes: [ "ore-quartz-andesite", "ore-quartz-granite", "ore-quartz-basalt", "ore-quartz-peridotite", "ore-quartz-claystone", "ore-quartz-sandstone", "ore-quartz-shale", "ore-quartz-chalk", "ore-quartz-limestone", "ore-quartz-chert", "ore-quartz-conglomerate", "ore-quartz-phyllite", "ore-quartz-slate" ]
		},
		{
			code: "smoky quartz vugs",
			name: "common",
			chance: 30,
			schematics: ["vug/smokyquartz/*"],
			placement: "underground",
			origin: "MiddleCenter",
			replaceWithRockType: {
				"ore-quartz-granite": "ore-quartz-{rock}"
			},
			insideBlockCodes: [ "ore-quartz-andesite", "ore-quartz-granite", "ore-quartz-basalt", "ore-quartz-peridotite", "ore-quartz-claystone", "ore-quartz-sandstone", "ore-quartz-shale", "ore-quartz-chalk", "ore-quartz-limestone", "ore-quartz-chert", "ore-quartz-conglomerate", "ore-quartz-phyllite", "ore-quartz-slate" ]
		},
		{
			code: "amethyst vugs",
			name: "common",
			chance: 16,
			schematics: ["vug/amethyst/*"],
			placement: "underground",
			origin: "MiddleCenter",
			replaceWithRockType: {
				"ore-quartz-granite": "ore-quartz-{rock}"
			},
			insideBlockCodes: [ "ore-quartz-andesite", "ore-quartz-granite", "ore-quartz-basalt", "ore-quartz-peridotite", "ore-quartz-claystone", "ore-quartz-sandstone", "ore-quartz-shale", "ore-quartz-chalk", "ore-quartz-limestone", "ore-quartz-chert", "ore-quartz-conglomerate", "ore-quartz-phyllite", "ore-quartz-slate" ]
		},
		{
			code: "undergroundruin",
			name: "very common",
			chance: 150,
			schematics: ["underground/storage/warehouse-1", "underground/religious/catacombs-1", "underground/livingquarters/dormitory-1", "underground/storage/warehouse-2", "underground/storage/cellar-1"],
			placement: "underground"
		},
		{
			code: "undergroundruin",
			name: "common",
			chance: 70,
			schematics: ["underground/medical/ward-1", "underground/medical/ward-2", "underground/research/library-1", "underground/storage/cellar-2", "underground/storage/cellar-3", "underground/storage/warehouse-6", "underground/storage/warehouse-7", "underground/storage/warehouse-9", "underground/storage/warehouse-10"],
			placement: "underground"
		},
		{
			code: "undergroundruin",
			name: "uncommon",
			chance: 30,
			schematics: ["underground/storage/warehouse-3", "underground/storage/warehouse-5", "underground/livingquarters/barn-1", "underground/storage/storeroom-1", "underground/storage/warehouse-8", "underground/religious/catacombs-3", "underground/research/reading-room-1"],
			placement: "underground"
		},
		{
			code: "undergroundruin",
			name: "rare",
			chance: 20,
			schematics: ["underground/religious/catacombs-2", "underground/storage/warehouse-4", "underground/storage/storeroom-2", "underground/research/library-2", "underground/livingquarters/dormitory-2", "underground/livingquarters/dormitory-3", "underground/livingquarters/dining-room-1", "underground/storage/mineshaft-station-1", "underground/storage/mineshaft-station-2"],
			placement: "underground"
		},
		{
			code: "undergroundruin",
			name: "very rare",
			chance: 10,
			schematics: ["underground/storage/warehouse-11", "underground/storage/basement-1"],
			placement: "underground"
		},
		{
			code: "undergroundruin",
			name: "buried ruins with no entrances",
			chance: 0.05,
			schematics: ["underground/research/archives-1", "underground/livingquarters/dormitory-4", "underground/research/workshop-1", "underground/religious/high-born-crypt-1"],
			placement: "underground"
		},
		{
			code: "buriedtreasurechest",
			name: "common",
			chance: 0.1,
			schematics: ["buriedtreasure/chef", "buriedtreasure/hidden-garden", "buriedtreasure/fifty-fifty", "buriedtreasure/vintage-story", "buriedtreasure/reapers-lost-treasure", "buriedtreasure/dissapointment", "buriedtreasure/blacksmith", "buriedtreasure/starving-artist" ],
			depth: { dist: "invexp", avg: 3.5, var: 30 },
			placement: "underground"
		},
		{
			code: "buriedtreasurechest",
			name: "uncommon",
			chance: 0.05,
			schematics: ["buriedtreasure/sturdy-walls", "buriedtreasure/royal", "buriedtreasure/promotion", "buriedtreasure/speed-chess", "buriedtreasure/composer", "buriedtreasure/alchemist", "buriedtreasure/royal-writer", "buriedtreasure/jailor"],
			depth: { dist: "invexp", avg: 3.5, var: 30 },
			placement: "underground"
		},
		{
			code: "buriedtreasurechest",
			name: "rare",
			chance: 0.01, 
			schematics: ["buriedtreasure/engineer", "buriedtreasure/candle-maker", "buriedtreasure/harmonic-notes", "buriedtreasure/machinist", "buriedtreasure/man-with-fortune", "buriedtreasure/wealth", "buriedtreasure/fading-light"],
			depth: { dist: "invexp", avg: 3.5, var: 30 },
			placement: "underground"
		}
	]
}